{"cameraMode":{"drawMode":0,"name":"Shaded","section":"Shading Mode"},"sceneLighting":true,"audioPlay":false,"sceneViewState":{"showFog":true,"showMaterialUpdate":false,"showSkybox":true,"showFlares":true,"showImageEffects":true,"showParticleSystems":true},"in2DMode":false,"pivot":{"x":0.754791259765625,"y":-3.084040641784668,"z":1.0082387924194337},"rotation":{"x":-0.1627439707517624,"y":0.8368749022483826,"z":-0.3831094205379486,"w":-0.35550251603126528},"size":26.336517333984376,"orthographic":false}